Hello World!,5,[],711ff6a5888531242da81e87beacba965ac415f9,1713016930
711ff6a5888531242da81e87beacba965ac415f9,5,[],00000579e594ee5540102d5cb68da1a65acb6cba,1713016930
00000579e594ee5540102d5cb68da1a65acb6cba,5,[],00000c3b8262c26a404a679f61489751fab91728,1713016930
00000c3b8262c26a404a679f61489751fab91728,5,[],000007a30ffe5209a7e5daf2c92c956b00053fbd,1713016936
000007a30ffe5209a7e5daf2c92c956b00053fbd,5,[],00000f029de1ba1784c172985288b2adaef6befc,1713016938
00000f029de1ba1784c172985288b2adaef6befc,5,[],00000f2decff20fd153e392fc080a1fba58e24b1,1713016938
00000f2decff20fd153e392fc080a1fba58e24b1,5,[],00000a2ad52af7212e02857c205d3a14b31c2468,1713016942
00000a2ad52af7212e02857c205d3a14b31c2468,5,[],000004d86ccb215cbfe9f7b34871e0982334bd25,1713016944
000004d86ccb215cbfe9f7b34871e0982334bd25,5,[],00000fffcfd2564a6aaed285776eb9a5e40af9e5,1713016944
00000fffcfd2564a6aaed285776eb9a5e40af9e5,5,[],0000014b10dd536212f38fdecae3093e7fd40c72,1713016947
0000014b10dd536212f38fdecae3093e7fd40c72,5,[],00000ab9c80556a35df8644314b874feb74de3b0,1713016949
00000ab9c80556a35df8644314b874feb74de3b0,5,[],0000028f5e8b23f61d55cad0dfb5c089b1a13e0e,1713016949
0000028f5e8b23f61d55cad0dfb5c089b1a13e0e,5,[],00000a6545b09f8f305c226e0d73eda931fe008c,1713016951
00000a6545b09f8f305c226e0d73eda931fe008c,5,[],00000ca4050aae6a1b0fe3042e4b50359b068d65,1713016952
00000ca4050aae6a1b0fe3042e4b50359b068d65,5,[],00000521099f06197df44049b1c0575159fea88f,1713016954
00000521099f06197df44049b1c0575159fea88f,5,[],00000a7571627b1806c04a35db689d079e853293,1713016955
00000a7571627b1806c04a35db689d079e853293,5,[],0000098d17d917f71af7fa9efee4705b3fc51a44,1713016957
0000098d17d917f71af7fa9efee4705b3fc51a44,5,[],00000c78062676f2b19fc1725dfbf6f1fadd0368,1713016957
00000c78062676f2b19fc1725dfbf6f1fadd0368,5,[],00000f6edebc9843aa026fac90f7117b1accf62a,1713016959
00000f6edebc9843aa026fac90f7117b1accf62a,5,[],00000a8e5f5598340c1c3c517ed24986256ae8f2,1713016960
00000a8e5f5598340c1c3c517ed24986256ae8f2,6,[],00000039c56e5efe01ea0a8e30eaef50d1fe5430,1713016965
00000039c56e5efe01ea0a8e30eaef50d1fe5430,6,[],000000ae46b5b2807a9749845701bef8b71d3b1f,1713016973
000000ae46b5b2807a9749845701bef8b71d3b1f,6,[],000000db66dccbbf033101a78f0fb8925bd89ab6,1713016983
000000db66dccbbf033101a78f0fb8925bd89ab6,6,[],000000541769e29f08877f6a3fade63adbf061cb,1713016998
000000541769e29f08877f6a3fade63adbf061cb,6,[],000000d9e61bc1b603909316250ed8826d7a6482,1713017008
000000d9e61bc1b603909316250ed8826d7a6482,6,[],0000002245de284a25baa64d1cd69db2f82a2899,1713017028
0000002245de284a25baa64d1cd69db2f82a2899,6,[],000000deb666cd0b795e4cdd70d282ac0eb02b0e,1713017053
000000deb666cd0b795e4cdd70d282ac0eb02b0e,6,[],000000e383a5f889505c911f899399412697c736,1713017082
000000e383a5f889505c911f899399412697c736,6,[],00000052faa2f2c0a721c92a90b61215902f9141,1713017180
00000052faa2f2c0a721c92a90b61215902f9141,6,[],0000003b67b476909a37fda64fcd4c95a72ca526,1713017181
0000003b67b476909a37fda64fcd4c95a72ca526,7,[<__main__.Transaction object at 0x7fe0685e48e0>],0000000dd6bb295b1422c401a1772f8fe646b536,1713017268
